<?xml version="1.0" encoding="UTF-8"?>
<feature
      id="org.eclipse.equinox.p2.core.feature"
      label="%featureName"
      version="1.6.1400.v20220518-1326"
      provider-name="%providerName">

   <description>
      %description
   </description>

   <copyright>
      %copyright
   </copyright>

   <license url="%licenseURL">
      %license
   </license>

   <requires>
      <import feature="org.eclipse.ecf.core.feature" version="1.4.0" match="compatible"/>
      <import feature="org.eclipse.ecf.core.ssl.feature" version="1.1.0" match="compatible"/>
      <import feature="org.eclipse.ecf.filetransfer.feature" version="3.13.7" match="compatible"/>
      <import feature="org.eclipse.ecf.filetransfer.httpclient5.feature" version="1.0.0" match="compatible"/>
      <import feature="org.eclipse.ecf.filetransfer.ssl.feature" version="1.1.0" match="compatible"/>
   </requires>

   <plugin
         id="org.eclipse.equinox.p2.artifact.repository"
         download-size="169"
         install-size="364"
         version="1.4.500.v20220420-1427"
         unpack="false"/>

   <plugin
         id="org.eclipse.equinox.p2.console"
         download-size="28"
         install-size="62"
         version="1.2.0.v20210315-2042"
         unpack="false"/>

   <plugin
         id="org.eclipse.equinox.p2.core"
         download-size="76"
         install-size="141"
         version="2.9.100.v20220310-1733"
         unpack="false"/>

   <plugin
         id="org.eclipse.equinox.p2.director"
         download-size="110"
         install-size="250"
         version="2.5.300.v20220421-0708"
         unpack="false"/>

   <plugin
         id="org.eclipse.equinox.p2.engine"
         download-size="218"
         install-size="484"
         version="2.7.400.v20220329-1456"
         unpack="false"/>

   <plugin
         id="org.eclipse.equinox.p2.garbagecollector"
         download-size="24"
         install-size="44"
         version="1.2.0.v20210316-1209"
         unpack="false"/>

   <plugin
         id="org.eclipse.equinox.p2.metadata"
         download-size="360"
         install-size="790"
         version="2.6.200.v20220324-1313"
         unpack="false"/>

   <plugin
         id="org.eclipse.equinox.p2.metadata.repository"
         download-size="132"
         install-size="287"
         version="1.4.100.v20220329-1456"
         unpack="false"/>

   <plugin
         id="org.eclipse.equinox.p2.repository"
         download-size="174"
         install-size="350"
         version="2.6.100.v20220422-1806"
         unpack="false"/>

   <plugin
         id="org.eclipse.equinox.p2.touchpoint.eclipse"
         download-size="131"
         install-size="280"
         version="2.3.200.v20220503-2330"
         unpack="false"/>

   <plugin
         id="org.eclipse.equinox.p2.touchpoint.natives"
         download-size="86"
         install-size="171"
         version="1.4.400.v20220506-1821"
         unpack="false"/>

   <plugin
         id="org.eclipse.equinox.simpleconfigurator.manipulator"
         download-size="26"
         install-size="49"
         version="2.2.0.v20210315-2228"
         unpack="false"/>

   <plugin
         id="org.eclipse.equinox.frameworkadmin"
         download-size="36"
         install-size="67"
         version="2.2.0.v20210315-2042"
         unpack="false"/>

   <plugin
         id="org.eclipse.equinox.frameworkadmin.equinox"
         download-size="69"
         install-size="141"
         version="1.2.200.v20220315-2155"
         unpack="false"/>

   <plugin
         id="org.eclipse.equinox.preferences"
         download-size="133"
         install-size="273"
         version="3.10.0.v20220503-1634"
         unpack="false"/>

   <plugin
         id="org.osgi.service.prefs"
         download-size="19"
         install-size="56"
         version="1.1.2.202109301733"
         unpack="false"/>

   <plugin
         id="org.eclipse.equinox.security"
         download-size="113"
         install-size="232"
         version="1.3.900.v20220108-1321"
         unpack="false"/>

   <plugin
         id="org.eclipse.equinox.p2.jarprocessor"
         download-size="68"
         install-size="113"
         version="1.2.300.v20220420-1427"
         unpack="false"/>

   <plugin
         id="org.eclipse.equinox.p2.transport.ecf"
         download-size="45"
         install-size="91"
         version="1.3.300.v20220512-1321"
         unpack="false"/>

   <plugin
         id="org.eclipse.equinox.p2.operations"
         download-size="74"
         install-size="172"
         version="2.6.0.v20210315-2228"
         unpack="false"/>

   <plugin
         id="org.eclipse.equinox.security.macosx"
         os="macosx"
         download-size="28"
         install-size="165"
         version="1.101.400.v20210427-1958"
         fragment="true"
         unpack="false"/>

   <plugin
         id="org.eclipse.equinox.security.linux"
         os="linux"
         arch="x86_64"
         download-size="23"
         install-size="35"
         version="1.0.200.v20210616-0726"
         fragment="true"
         unpack="false"/>

   <plugin
         id="org.eclipse.equinox.security.win32.x86_64"
         os="win32"
         arch="x86_64"
         download-size="40"
         install-size="74"
         version="1.1.300.v20211021-1418"
         fragment="true"
         unpack="false"/>

   <plugin
         id="org.tukaani.xz"
         download-size="131"
         install-size="210"
         version="1.9.0.v20210624-1259"
         unpack="false"/>

   <plugin
         id="org.bouncycastle.bcpg"
         download-size="360"
         install-size="700"
         version="1.70.0.v20220507-1208"
         unpack="false"/>

   <plugin
         id="org.bouncycastle.bcprov"
         download-size="5713"
         install-size="10942"
         version="1.70.0.v20220507-1208"
         unpack="false"/>

   <plugin
         id="org.eclipse.equinox.concurrent"
         download-size="26"
         install-size="46"
         version="1.2.100.v20211021-1418"
         unpack="false"/>

</feature>
