<?xml version="1.0" encoding="UTF-8"?>
<feature
      id="org.eclipse.ecf.filetransfer.httpclient5.feature"
      label="%featureName"
      version="1.1.600.v20220215-0126"
      provider-name="%providerName">

   <description url="%descriptionURL">
      %description
   </description>

   <copyright>
      %copyright
   </copyright>

   <license url="%licenseURL">
      %license
   </license>

   <requires>
      <import feature="org.eclipse.ecf.filetransfer.feature" version="3.9.0" match="compatible"/>
   </requires>

   <plugin
         id="org.eclipse.ecf.provider.filetransfer.httpclient5"
         download-size="82"
         install-size="184"
         version="1.0.300.v20220215-0126"
         unpack="false"/>

   <plugin
         id="org.eclipse.ecf.provider.filetransfer.httpclient5.win32"
         os="win32"
         download-size="22"
         install-size="48"
         version="1.0.400.v20220109-1926"
         unpack="false"/>

   <plugin
         id="org.apache.commons.codec"
         download-size="367"
         install-size="700"
         version="1.14.0.v20200818-1422"
         unpack="false"/>

   <plugin
         id="org.apache.commons.logging"
         download-size="71"
         install-size="145"
         version="1.2.0.v20180409-1502"
         unpack="false"/>

   <plugin
         id="org.apache.httpcomponents.client5.httpclient5"
         download-size="842"
         install-size="1962"
         version="5.1.2.v20211217-1500"
         unpack="false"/>

   <plugin
         id="org.apache.httpcomponents.client5.httpclient5-win"
         os="win32"
         download-size="28"
         install-size="55"
         version="5.1.2.v20211217-1500"
         unpack="false"/>

   <plugin
         id="org.apache.httpcomponents.core5.httpcore5"
         download-size="908"
         install-size="1996"
         version="5.1.2.v20211217-1500"
         unpack="false"/>

   <plugin
         id="org.apache.httpcomponents.core5.httpcore5-h2"
         download-size="253"
         install-size="564"
         version="5.1.2.v20211217-1500"
         unpack="false"/>

</feature>
