<?xml version="1.0" encoding="UTF-8" ?>
<feature
	id="org.eclipse.babel.nls_eclipse_zh"
	label="Babel Language Pack for eclipse in Chinese (Simplified) (83.85%)"
	image="eclipse_update_120.jpg"
	provider-name="%providerName"
	version="4.22.0.v20211218020001">
	<copyright>
		%copyright
	</copyright>
	<license url="%licenseURL">
		%license
	</license>
	<description>Babel Language Pack for eclipse in Chinese (Simplified)</description>
	<plugin fragment="true" id="org.eclipse.ant.core.nl_zh" unpack="false" version="4.22.0.v20211218020001" download-size="5038" install-size="5038" />
	<plugin fragment="true" id="org.eclipse.ant.launching.nl_zh" unpack="false" version="4.22.0.v20211218020001" download-size="8262" install-size="8262" />
	<plugin fragment="true" id="org.eclipse.ant.tests.core.nl_zh" unpack="false" version="4.22.0.v20211218020001" download-size="1891" install-size="1891" />
	<plugin fragment="true" id="org.eclipse.ant.tests.ui.nl_zh" unpack="false" version="4.22.0.v20211218020001" download-size="1503" install-size="1503" />
	<plugin fragment="true" id="org.eclipse.ant.ui.nl_zh" unpack="false" version="4.22.0.v20211218020001" download-size="23625" install-size="23625" />
	<plugin fragment="true" id="org.eclipse.compare.core.nl_zh" unpack="false" version="4.22.0.v20211218020001" download-size="2578" install-size="2578" />
	<plugin fragment="true" id="org.eclipse.compare.examples.nl_zh" unpack="false" version="4.22.0.v20211218020001" download-size="2550" install-size="2550" />
	<plugin fragment="true" id="org.eclipse.compare.examples.xml.nl_zh" unpack="false" version="4.22.0.v20211218020001" download-size="3712" install-size="3712" />
	<plugin fragment="true" id="org.eclipse.compare.nl_zh" unpack="false" version="4.22.0.v20211218020001" download-size="15716" install-size="15716" />
	<plugin fragment="true" id="org.eclipse.compare.win32.nl_zh" unpack="false" version="4.22.0.v20211218020001" download-size="3358" install-size="3358" />
	<plugin fragment="true" id="org.eclipse.core.commands.nl_zh" unpack="false" version="4.22.0.v20211218020001" download-size="1487" install-size="1487" />
	<plugin fragment="true" id="org.eclipse.core.contenttype.nl_zh" unpack="false" version="4.22.0.v20211218020001" download-size="2798" install-size="2798" />
	<plugin fragment="true" id="org.eclipse.core.databinding.beans.nl_zh" unpack="false" version="4.22.0.v20211218020001" download-size="1522" install-size="1522" />
	<plugin fragment="true" id="org.eclipse.core.databinding.nl_zh" unpack="false" version="4.22.0.v20211218020001" download-size="2907" install-size="2907" />
	<plugin fragment="true" id="org.eclipse.core.databinding.observable.nl_zh" unpack="false" version="4.22.0.v20211218020001" download-size="1524" install-size="1524" />
	<plugin fragment="true" id="org.eclipse.core.databinding.property.nl_zh" unpack="false" version="4.22.0.v20211218020001" download-size="1522" install-size="1522" />
	<plugin fragment="true" id="org.eclipse.core.expressions.nl_zh" unpack="false" version="4.22.0.v20211218020001" download-size="3156" install-size="3156" />
	<plugin fragment="true" id="org.eclipse.core.externaltools.nl_zh" unpack="false" version="4.22.0.v20211218020001" download-size="4264" install-size="4264" />
	<plugin fragment="true" id="org.eclipse.core.filebuffers.nl_zh" unpack="false" version="4.22.0.v20211218020001" download-size="4311" install-size="4311" />
	<plugin fragment="true" id="org.eclipse.core.filesystem.linux.aarch64.nl_zh" unpack="false" version="4.22.0.v20211218020001" download-size="1537" install-size="1537" />
	<plugin fragment="true" id="org.eclipse.core.filesystem.linux.ppc64le.nl_zh" unpack="false" version="4.22.0.v20211218020001" download-size="1540" install-size="1540" />
	<plugin fragment="true" id="org.eclipse.core.filesystem.linux.x86_64.nl_zh" unpack="false" version="4.22.0.v20211218020001" download-size="1567" install-size="1567" />
	<plugin fragment="true" id="org.eclipse.core.filesystem.macosx.nl_zh" unpack="false" version="4.22.0.v20211218020001" download-size="1550" install-size="1550" />
	<plugin fragment="true" id="org.eclipse.core.filesystem.nl_zh" unpack="false" version="4.22.0.v20211218020001" download-size="3109" install-size="3109" />
	<plugin fragment="true" id="org.eclipse.core.filesystem.win32.x86_64.nl_zh" unpack="false" version="4.22.0.v20211218020001" download-size="1580" install-size="1580" />
	<plugin fragment="true" id="org.eclipse.core.jobs.nl_zh" unpack="false" version="4.22.0.v20211218020001" download-size="2620" install-size="2620" />
	<plugin fragment="true" id="org.eclipse.core.net.linux.nl_zh" unpack="false" version="4.22.0.v20211218020001" download-size="1542" install-size="1542" />
	<plugin fragment="true" id="org.eclipse.core.net.linux.x86_64.nl_zh" unpack="false" version="4.22.0.v20211218020001" download-size="1568" install-size="1568" />
	<plugin fragment="true" id="org.eclipse.core.net.nl_zh" unpack="false" version="4.22.0.v20211218020001" download-size="2427" install-size="2427" />
	<plugin fragment="true" id="org.eclipse.core.net.win32.x86_64.nl_zh" unpack="false" version="4.22.0.v20211218020001" download-size="1564" install-size="1564" />
	<plugin fragment="true" id="org.eclipse.core.resources.nl_zh" unpack="false" version="4.22.0.v20211218020001" download-size="10415" install-size="10415" />
	<plugin fragment="true" id="org.eclipse.core.resources.win32.x86_64.nl_zh" unpack="false" version="4.22.0.v20211218020001" download-size="1617" install-size="1617" />
	<plugin fragment="true" id="org.eclipse.core.runtime.nl_zh" unpack="false" version="4.22.0.v20211218020001" download-size="4063" install-size="4063" />
	<plugin fragment="true" id="org.eclipse.core.tools.nl_zh" unpack="false" version="4.22.0.v20211218020001" download-size="3302" install-size="3302" />
	<plugin fragment="true" id="org.eclipse.core.tools.resources.nl_zh" unpack="false" version="4.22.0.v20211218020001" download-size="1602" install-size="1602" />
	<plugin fragment="true" id="org.eclipse.core.variables.nl_zh" unpack="false" version="4.22.0.v20211218020001" download-size="2667" install-size="2667" />
	<plugin fragment="true" id="org.eclipse.cvs.nl_zh" unpack="false" version="4.22.0.v20211218020001" download-size="2526" install-size="2526" />
	<plugin fragment="true" id="org.eclipse.debug.core.nl_zh" unpack="false" version="4.22.0.v20211218020001" download-size="8151" install-size="8151" />
	<plugin fragment="true" id="org.eclipse.debug.examples.core.nl_zh" unpack="false" version="4.22.0.v20211218020001" download-size="1990" install-size="1990" />
	<plugin fragment="true" id="org.eclipse.debug.examples.memory.nl_zh" unpack="false" version="4.22.0.v20211218020001" download-size="3016" install-size="3016" />
	<plugin fragment="true" id="org.eclipse.debug.examples.mixedmode.nl_zh" unpack="false" version="4.22.0.v20211218020001" download-size="2914" install-size="2914" />
	<plugin fragment="true" id="org.eclipse.debug.examples.ui.nl_zh" unpack="false" version="4.22.0.v20211218020001" download-size="3349" install-size="3349" />
	<plugin fragment="true" id="org.eclipse.debug.ui.launchview.nl_zh" unpack="false" version="4.22.0.v20211218020001" download-size="2717" install-size="2717" />
	<plugin fragment="true" id="org.eclipse.debug.ui.nl_zh" unpack="false" version="4.22.0.v20211218020001" download-size="39336" install-size="39336" />
	<plugin fragment="true" id="org.eclipse.e4.core.commands.nl_zh" unpack="false" version="4.22.0.v20211218020001" download-size="1506" install-size="1506" />
	<plugin fragment="true" id="org.eclipse.e4.core.contexts.nl_zh" unpack="false" version="4.22.0.v20211218020001" download-size="1497" install-size="1497" />
	<plugin fragment="true" id="org.eclipse.e4.core.di.annotations.nl_zh" unpack="false" version="4.22.0.v20211218020001" download-size="1734" install-size="1734" />
	<plugin fragment="true" id="org.eclipse.e4.core.di.extensions.nl_zh" unpack="false" version="4.22.0.v20211218020001" download-size="1517" install-size="1517" />
	<plugin fragment="true" id="org.eclipse.e4.core.di.extensions.supplier.nl_zh" unpack="false" version="4.22.0.v20211218020001" download-size="1756" install-size="1756" />
	<plugin fragment="true" id="org.eclipse.e4.core.di.nl_zh" unpack="false" version="4.22.0.v20211218020001" download-size="1500" install-size="1500" />
	<plugin fragment="true" id="org.eclipse.e4.core.services.nl_zh" unpack="false" version="4.22.0.v20211218020001" download-size="2829" install-size="2829" />
	<plugin fragment="true" id="org.eclipse.e4.demo.cssbridge.nl_zh" unpack="false" version="4.22.0.v20211218020001" download-size="1897" install-size="1897" />
	<plugin fragment="true" id="org.eclipse.e4.emf.xpath.nl_zh" unpack="false" version="4.22.0.v20211218020001" download-size="1721" install-size="1721" />
	<plugin fragment="true" id="org.eclipse.e4.tools.compat.nl_zh" unpack="false" version="4.22.0.v20211218020001" download-size="2734" install-size="2734" />
	<plugin fragment="true" id="org.eclipse.e4.tools.emf.editor3x.nl_zh" unpack="false" version="4.22.0.v20211218020001" download-size="3260" install-size="3260" />
	<plugin fragment="true" id="org.eclipse.e4.tools.emf.ui.nl_zh" unpack="false" version="4.22.0.v20211218020001" download-size="10957" install-size="10957" />
	<plugin fragment="true" id="org.eclipse.e4.tools.jdt.templates.nl_zh" unpack="false" version="4.22.0.v20211218020001" download-size="1511" install-size="1511" />
	<plugin fragment="true" id="org.eclipse.e4.tools.nl_zh" unpack="false" version="4.22.0.v20211218020001" download-size="3078" install-size="3078" />
	<plugin fragment="true" id="org.eclipse.e4.tools.services.nl_zh" unpack="false" version="4.22.0.v20211218020001" download-size="2758" install-size="2758" />
	<plugin fragment="true" id="org.eclipse.e4.ui.bindings.nl_zh" unpack="false" version="4.22.0.v20211218020001" download-size="1503" install-size="1503" />
	<plugin fragment="true" id="org.eclipse.e4.ui.css.core.nl_zh" unpack="false" version="4.22.0.v20211218020001" download-size="1574" install-size="1574" />
	<plugin fragment="true" id="org.eclipse.e4.ui.css.swt.nl_zh" unpack="false" version="4.22.0.v20211218020001" download-size="1498" install-size="1498" />
	<plugin fragment="true" id="org.eclipse.e4.ui.css.swt.theme.nl_zh" unpack="false" version="4.22.0.v20211218020001" download-size="1534" install-size="1534" />
	<plugin fragment="true" id="org.eclipse.e4.ui.di.nl_zh" unpack="false" version="4.22.0.v20211218020001" download-size="1507" install-size="1507" />
	<plugin fragment="true" id="org.eclipse.e4.ui.dialogs.nl_zh" unpack="false" version="4.22.0.v20211218020001" download-size="2746" install-size="2746" />
	<plugin fragment="true" id="org.eclipse.e4.ui.ide.nl_zh" unpack="false" version="4.22.0.v20211218020001" download-size="1691" install-size="1691" />
	<plugin fragment="true" id="org.eclipse.e4.ui.model.workbench.nl_zh" unpack="false" version="4.22.0.v20211218020001" download-size="1572" install-size="1572" />
	<plugin fragment="true" id="org.eclipse.e4.ui.progress.nl_zh" unpack="false" version="4.22.0.v20211218020001" download-size="3950" install-size="3950" />
	<plugin fragment="true" id="org.eclipse.e4.ui.services.nl_zh" unpack="false" version="4.22.0.v20211218020001" download-size="1513" install-size="1513" />
	<plugin fragment="true" id="org.eclipse.e4.ui.swt.gtk.nl_zh" unpack="false" version="4.22.0.v20211218020001" download-size="1508" install-size="1508" />
	<plugin fragment="true" id="org.eclipse.e4.ui.swt.win32.nl_zh" unpack="false" version="4.22.0.v20211218020001" download-size="1511" install-size="1511" />
	<plugin fragment="true" id="org.eclipse.e4.ui.tests.css.core.nl_zh" unpack="false" version="4.22.0.v20211218020001" download-size="1698" install-size="1698" />
	<plugin fragment="true" id="org.eclipse.e4.ui.tests.css.swt.nl_zh" unpack="false" version="4.22.0.v20211218020001" download-size="1697" install-size="1697" />
	<plugin fragment="true" id="org.eclipse.e4.ui.widgets.nl_zh" unpack="false" version="4.22.0.v20211218020001" download-size="1515" install-size="1515" />
	<plugin fragment="true" id="org.eclipse.e4.ui.workbench.addons.swt.nl_zh" unpack="false" version="4.22.0.v20211218020001" download-size="2914" install-size="2914" />
	<plugin fragment="true" id="org.eclipse.e4.ui.workbench.nl_zh" unpack="false" version="4.22.0.v20211218020001" download-size="1612" install-size="1612" />
	<plugin fragment="true" id="org.eclipse.e4.ui.workbench.renderers.swt.cocoa.nl_zh" unpack="false" version="4.22.0.v20211218020001" download-size="3215" install-size="3215" />
	<plugin fragment="true" id="org.eclipse.e4.ui.workbench.renderers.swt.nl_zh" unpack="false" version="4.22.0.v20211218020001" download-size="3936" install-size="3936" />
	<plugin fragment="true" id="org.eclipse.e4.ui.workbench.swt.nl_zh" unpack="false" version="4.22.0.v20211218020001" download-size="4483" install-size="4483" />
	<plugin fragment="true" id="org.eclipse.e4.ui.workbench3.nl_zh" unpack="false" version="4.22.0.v20211218020001" download-size="1527" install-size="1527" />
	<plugin fragment="true" id="org.eclipse.equinox.app.nl_zh" unpack="false" version="4.22.0.v20211218020001" download-size="3031" install-size="3031" />
	<plugin fragment="true" id="org.eclipse.equinox.bidi.nl_zh" unpack="false" version="4.22.0.v20211218020001" download-size="1752" install-size="1752" />
	<plugin fragment="true" id="org.eclipse.equinox.cm.nl_zh" unpack="false" version="4.22.0.v20211218020001" download-size="1504" install-size="1504" />
	<plugin fragment="true" id="org.eclipse.equinox.common.nl_zh" unpack="false" version="4.22.0.v20211218020001" download-size="3344" install-size="3344" />
	<plugin fragment="true" id="org.eclipse.equinox.concurrent.nl_zh" unpack="false" version="4.22.0.v20211218020001" download-size="1477" install-size="1477" />
	<plugin fragment="true" id="org.eclipse.equinox.console.jaas.fragment.nl_zh" unpack="false" version="4.22.0.v20211218020001" download-size="1484" install-size="1484" />
	<plugin fragment="true" id="org.eclipse.equinox.console.nl_zh" unpack="false" version="4.22.0.v20211218020001" download-size="3827" install-size="3827" />
	<plugin fragment="true" id="org.eclipse.equinox.console.ssh.nl_zh" unpack="false" version="4.22.0.v20211218020001" download-size="1480" install-size="1480" />
	<plugin fragment="true" id="org.eclipse.equinox.coordinator.nl_zh" unpack="false" version="4.22.0.v20211218020001" download-size="2298" install-size="2298" />
	<plugin fragment="true" id="org.eclipse.equinox.device.nl_zh" unpack="false" version="4.22.0.v20211218020001" download-size="3201" install-size="3201" />
	<plugin fragment="true" id="org.eclipse.equinox.event.nl_zh" unpack="false" version="4.22.0.v20211218020001" download-size="3032" install-size="3032" />
	<plugin fragment="true" id="org.eclipse.equinox.frameworkadmin.equinox.nl_zh" unpack="false" version="4.22.0.v20211218020001" download-size="3561" install-size="3561" />
	<plugin fragment="true" id="org.eclipse.equinox.frameworkadmin.nl_zh" unpack="false" version="4.22.0.v20211218020001" download-size="1518" install-size="1518" />
	<plugin fragment="true" id="org.eclipse.equinox.http.jetty.nl_zh" unpack="false" version="4.22.0.v20211218020001" download-size="1573" install-size="1573" />
	<plugin fragment="true" id="org.eclipse.equinox.http.jetty.starter.nl_zh" unpack="false" version="4.22.0.v20211218020001" download-size="1485" install-size="1485" />
	<plugin fragment="true" id="org.eclipse.equinox.http.registry.nl_zh" unpack="false" version="4.22.0.v20211218020001" download-size="1566" install-size="1566" />
	<plugin fragment="true" id="org.eclipse.equinox.http.servlet.nl_zh" unpack="false" version="4.22.0.v20211218020001" download-size="1511" install-size="1511" />
	<plugin fragment="true" id="org.eclipse.equinox.http.servletbridge.nl_zh" unpack="false" version="4.22.0.v20211218020001" download-size="1520" install-size="1520" />
	<plugin fragment="true" id="org.eclipse.equinox.io.nl_zh" unpack="false" version="4.22.0.v20211218020001" download-size="1472" install-size="1472" />
	<plugin fragment="true" id="org.eclipse.equinox.ip.nl_zh" unpack="false" version="4.22.0.v20211218020001" download-size="1472" install-size="1472" />
	<plugin fragment="true" id="org.eclipse.equinox.jsp.jasper.nl_zh" unpack="false" version="4.22.0.v20211218020001" download-size="1477" install-size="1477" />
	<plugin fragment="true" id="org.eclipse.equinox.jsp.jasper.registry.nl_zh" unpack="false" version="4.22.0.v20211218020001" download-size="1485" install-size="1485" />
	<plugin fragment="true" id="org.eclipse.equinox.launcher.cocoa.macosx.aarch64.nl_zh" unpack="false" version="4.22.0.v20211218020001" download-size="1540" install-size="1540" />
	<plugin fragment="true" id="org.eclipse.equinox.launcher.cocoa.macosx.nl_zh" unpack="false" version="4.22.0.v20211218020001" download-size="1569" install-size="1569" />
	<plugin fragment="true" id="org.eclipse.equinox.launcher.cocoa.macosx.x86_64.nl_zh" unpack="false" version="4.22.0.v20211218020001" download-size="1633" install-size="1633" />
	<plugin fragment="true" id="org.eclipse.equinox.launcher.gtk.linux.aarch64.nl_zh" unpack="false" version="4.22.0.v20211218020001" download-size="1532" install-size="1532" />
	<plugin fragment="true" id="org.eclipse.equinox.launcher.gtk.linux.ppc64le.nl_zh" unpack="false" version="4.22.0.v20211218020001" download-size="1532" install-size="1532" />
	<plugin fragment="true" id="org.eclipse.equinox.launcher.gtk.linux.x86_64.nl_zh" unpack="false" version="4.22.0.v20211218020001" download-size="1625" install-size="1625" />
	<plugin fragment="true" id="org.eclipse.equinox.launcher.nl_zh" unpack="false" version="4.22.0.v20211218020001" download-size="1514" install-size="1514" />
	<plugin fragment="true" id="org.eclipse.equinox.launcher.win32.win32.x86_64.nl_zh" unpack="false" version="4.22.0.v20211218020001" download-size="1627" install-size="1627" />
	<plugin fragment="true" id="org.eclipse.equinox.log.stream.nl_zh" unpack="false" version="4.22.0.v20211218020001" download-size="1476" install-size="1476" />
	<plugin fragment="true" id="org.eclipse.equinox.metatype.nl_zh" unpack="false" version="4.22.0.v20211218020001" download-size="2821" install-size="2821" />
	<plugin fragment="true" id="org.eclipse.equinox.p2.artifact.checksums.bouncycastle.nl_zh" unpack="false" version="4.22.0.v20211218020001" download-size="1496" install-size="1496" />
	<plugin fragment="true" id="org.eclipse.equinox.p2.artifact.optimizers.nl_zh" unpack="false" version="4.22.0.v20211218020001" download-size="3013" install-size="3013" />
	<plugin fragment="true" id="org.eclipse.equinox.p2.artifact.processors.nl_zh" unpack="false" version="4.22.0.v20211218020001" download-size="1487" install-size="1487" />
	<plugin fragment="true" id="org.eclipse.equinox.p2.artifact.repository.nl_zh" unpack="false" version="4.22.0.v20211218020001" download-size="5942" install-size="5942" />
	<plugin fragment="true" id="org.eclipse.equinox.p2.console.nl_zh" unpack="false" version="4.22.0.v20211218020001" download-size="2745" install-size="2745" />
	<plugin fragment="true" id="org.eclipse.equinox.p2.core.nl_zh" unpack="false" version="4.22.0.v20211218020001" download-size="2753" install-size="2753" />
	<plugin fragment="true" id="org.eclipse.equinox.p2.director.app.nl_zh" unpack="false" version="4.22.0.v20211218020001" download-size="3061" install-size="3061" />
	<plugin fragment="true" id="org.eclipse.equinox.p2.director.nl_zh" unpack="false" version="4.22.0.v20211218020001" download-size="2697" install-size="2697" />
	<plugin fragment="true" id="org.eclipse.equinox.p2.directorywatcher.nl_zh" unpack="false" version="4.22.0.v20211218020001" download-size="3088" install-size="3088" />
	<plugin fragment="true" id="org.eclipse.equinox.p2.discovery.compatibility.nl_zh" unpack="false" version="4.22.0.v20211218020001" download-size="3023" install-size="3023" />
	<plugin fragment="true" id="org.eclipse.equinox.p2.discovery.nl_zh" unpack="false" version="4.22.0.v20211218020001" download-size="3627" install-size="3627" />
	<plugin fragment="true" id="org.eclipse.equinox.p2.engine.nl_zh" unpack="false" version="4.22.0.v20211218020001" download-size="4166" install-size="4166" />
	<plugin fragment="true" id="org.eclipse.equinox.p2.examples.rcp.discovery.nl_zh" unpack="false" version="4.22.0.v20211218020001" download-size="1600" install-size="1600" />
	<plugin fragment="true" id="org.eclipse.equinox.p2.examples.rcp.sdkbundlevisibility.nl_zh" unpack="false" version="4.22.0.v20211218020001" download-size="3519" install-size="3519" />
	<plugin fragment="true" id="org.eclipse.equinox.p2.extensionlocation.nl_zh" unpack="false" version="4.22.0.v20211218020001" download-size="2843" install-size="2843" />
	<plugin fragment="true" id="org.eclipse.equinox.p2.garbagecollector.nl_zh" unpack="false" version="4.22.0.v20211218020001" download-size="2603" install-size="2603" />
	<plugin fragment="true" id="org.eclipse.equinox.p2.installer.nl_zh" unpack="false" version="4.22.0.v20211218020001" download-size="3086" install-size="3086" />
	<plugin fragment="true" id="org.eclipse.equinox.p2.jarprocessor.nl_zh" unpack="false" version="4.22.0.v20211218020001" download-size="1481" install-size="1481" />
	<plugin fragment="true" id="org.eclipse.equinox.p2.metadata.nl_zh" unpack="false" version="4.22.0.v20211218020001" download-size="2974" install-size="2974" />
	<plugin fragment="true" id="org.eclipse.equinox.p2.metadata.repository.nl_zh" unpack="false" version="4.22.0.v20211218020001" download-size="3004" install-size="3004" />
	<plugin fragment="true" id="org.eclipse.equinox.p2.operations.nl_zh" unpack="false" version="4.22.0.v20211218020001" download-size="2977" install-size="2977" />
	<plugin fragment="true" id="org.eclipse.equinox.p2.publisher.eclipse.nl_zh" unpack="false" version="4.22.0.v20211218020001" download-size="3682" install-size="3682" />
	<plugin fragment="true" id="org.eclipse.equinox.p2.publisher.nl_zh" unpack="false" version="4.22.0.v20211218020001" download-size="1477" install-size="1477" />
	<plugin fragment="true" id="org.eclipse.equinox.p2.reconciler.dropins.nl_zh" unpack="false" version="4.22.0.v20211218020001" download-size="3085" install-size="3085" />
	<plugin fragment="true" id="org.eclipse.equinox.p2.repository.nl_zh" unpack="false" version="4.22.0.v20211218020001" download-size="4948" install-size="4948" />
	<plugin fragment="true" id="org.eclipse.equinox.p2.repository.tools.nl_zh" unpack="false" version="4.22.0.v20211218020001" download-size="4861" install-size="4861" />
	<plugin fragment="true" id="org.eclipse.equinox.p2.tests.discovery.nl_zh" unpack="false" version="4.22.0.v20211218020001" download-size="1610" install-size="1610" />
	<plugin fragment="true" id="org.eclipse.equinox.p2.tests.ui.nl_zh" unpack="false" version="4.22.0.v20211218020001" download-size="1477" install-size="1477" />
	<plugin fragment="true" id="org.eclipse.equinox.p2.tests.verifier.nl_zh" unpack="false" version="4.22.0.v20211218020001" download-size="5321" install-size="5321" />
	<plugin fragment="true" id="org.eclipse.equinox.p2.touchpoint.eclipse.nl_zh" unpack="false" version="4.22.0.v20211218020001" download-size="4200" install-size="4200" />
	<plugin fragment="true" id="org.eclipse.equinox.p2.touchpoint.natives.nl_zh" unpack="false" version="4.22.0.v20211218020001" download-size="3239" install-size="3239" />
	<plugin fragment="true" id="org.eclipse.equinox.p2.transport.ecf.nl_zh" unpack="false" version="4.22.0.v20211218020001" download-size="3647" install-size="3647" />
	<plugin fragment="true" id="org.eclipse.equinox.p2.ui.admin.nl_zh" unpack="false" version="4.22.0.v20211218020001" download-size="3026" install-size="3026" />
	<plugin fragment="true" id="org.eclipse.equinox.p2.ui.admin.rcp.nl_zh" unpack="false" version="4.22.0.v20211218020001" download-size="3104" install-size="3104" />
	<plugin fragment="true" id="org.eclipse.equinox.p2.ui.discovery.nl_zh" unpack="false" version="4.22.0.v20211218020001" download-size="4907" install-size="4907" />
	<plugin fragment="true" id="org.eclipse.equinox.p2.ui.importexport.nl_zh" unpack="false" version="4.22.0.v20211218020001" download-size="3257" install-size="3257" />
	<plugin fragment="true" id="org.eclipse.equinox.p2.ui.nl_zh" unpack="false" version="4.22.0.v20211218020001" download-size="4721" install-size="4721" />
	<plugin fragment="true" id="org.eclipse.equinox.p2.ui.sdk.nl_zh" unpack="false" version="4.22.0.v20211218020001" download-size="3775" install-size="3775" />
	<plugin fragment="true" id="org.eclipse.equinox.p2.ui.sdk.scheduler.nl_zh" unpack="false" version="4.22.0.v20211218020001" download-size="4560" install-size="4560" />
	<plugin fragment="true" id="org.eclipse.equinox.p2.updatechecker.nl_zh" unpack="false" version="4.22.0.v20211218020001" download-size="1480" install-size="1480" />
	<plugin fragment="true" id="org.eclipse.equinox.p2.updatesite.nl_zh" unpack="false" version="4.22.0.v20211218020001" download-size="2999" install-size="2999" />
	<plugin fragment="true" id="org.eclipse.equinox.preferences.nl_zh" unpack="false" version="4.22.0.v20211218020001" download-size="3266" install-size="3266" />
	<plugin fragment="true" id="org.eclipse.equinox.region.nl_zh" unpack="false" version="4.22.0.v20211218020001" download-size="1700" install-size="1700" />
	<plugin fragment="true" id="org.eclipse.equinox.registry.nl_zh" unpack="false" version="4.22.0.v20211218020001" download-size="3764" install-size="3764" />
	<plugin fragment="true" id="org.eclipse.equinox.security.linux.nl_zh" unpack="false" version="4.22.0.v20211218020001" download-size="1511" install-size="1511" />
	<plugin fragment="true" id="org.eclipse.equinox.security.linux.x86_64.nl_zh" unpack="false" version="4.22.0.v20211218020001" download-size="1531" install-size="1531" />
	<plugin fragment="true" id="org.eclipse.equinox.security.macosx.nl_zh" unpack="false" version="4.22.0.v20211218020001" download-size="1511" install-size="1511" />
	<plugin fragment="true" id="org.eclipse.equinox.security.nl_zh" unpack="false" version="4.22.0.v20211218020001" download-size="5053" install-size="5053" />
	<plugin fragment="true" id="org.eclipse.equinox.security.ui.nl_zh" unpack="false" version="4.22.0.v20211218020001" download-size="7953" install-size="7953" />
	<plugin fragment="true" id="org.eclipse.equinox.security.win32.x86_64.nl_zh" unpack="false" version="4.22.0.v20211218020001" download-size="1532" install-size="1532" />
	<plugin fragment="true" id="org.eclipse.equinox.servletbridge.nl_zh" unpack="false" version="4.22.0.v20211218020001" download-size="1501" install-size="1501" />
	<plugin fragment="true" id="org.eclipse.equinox.simpleconfigurator.manipulator.nl_zh" unpack="false" version="4.22.0.v20211218020001" download-size="1544" install-size="1544" />
	<plugin fragment="true" id="org.eclipse.equinox.simpleconfigurator.nl_zh" unpack="false" version="4.22.0.v20211218020001" download-size="1523" install-size="1523" />
	<plugin fragment="true" id="org.eclipse.equinox.transforms.hook.nl_zh" unpack="false" version="4.22.0.v20211218020001" download-size="1498" install-size="1498" />
	<plugin fragment="true" id="org.eclipse.equinox.transforms.xslt.nl_zh" unpack="false" version="4.22.0.v20211218020001" download-size="1529" install-size="1529" />
	<plugin fragment="true" id="org.eclipse.equinox.useradmin.nl_zh" unpack="false" version="4.22.0.v20211218020001" download-size="3339" install-size="3339" />
	<plugin fragment="true" id="org.eclipse.equinox.util.nl_zh" unpack="false" version="4.22.0.v20211218020001" download-size="1473" install-size="1473" />
	<plugin fragment="true" id="org.eclipse.equinox.wireadmin.nl_zh" unpack="false" version="4.22.0.v20211218020001" download-size="1476" install-size="1476" />
	<plugin fragment="true" id="org.eclipse.help.base.nl_zh" unpack="false" version="4.22.0.v20211218020001" download-size="4002" install-size="4002" />
	<plugin fragment="true" id="org.eclipse.help.nl_zh" unpack="false" version="4.22.0.v20211218020001" download-size="1636" install-size="1636" />
	<plugin fragment="true" id="org.eclipse.help.ui.nl_zh" unpack="false" version="4.22.0.v20211218020001" download-size="6550" install-size="6550" />
	<plugin fragment="true" id="org.eclipse.help.webapp.nl_zh" unpack="false" version="4.22.0.v20211218020001" download-size="5203" install-size="5203" />
	<plugin fragment="true" id="org.eclipse.jdt.annotation.nl_zh" unpack="false" version="4.22.0.v20211218020001" download-size="1523" install-size="1523" />
	<plugin fragment="true" id="org.eclipse.jdt.annotation_v1.nl_zh" unpack="false" version="4.22.0.v20211218020001" download-size="1526" install-size="1526" />
	<plugin fragment="true" id="org.eclipse.jdt.apt.core.nl_zh" unpack="false" version="4.22.0.v20211218020001" download-size="4035" install-size="4035" />
	<plugin fragment="true" id="org.eclipse.jdt.apt.pluggable.core.nl_zh" unpack="false" version="4.22.0.v20211218020001" download-size="1563" install-size="1563" />
	<plugin fragment="true" id="org.eclipse.jdt.apt.ui.nl_zh" unpack="false" version="4.22.0.v20211218020001" download-size="4723" install-size="4723" />
	<plugin fragment="true" id="org.eclipse.jdt.astview.nl_zh" unpack="false" version="4.22.0.v20211218020001" download-size="1516" install-size="1516" />
	<plugin fragment="true" id="org.eclipse.jdt.compiler.apt.nl_zh" unpack="false" version="4.22.0.v20211218020001" download-size="1534" install-size="1534" />
	<plugin fragment="true" id="org.eclipse.jdt.compiler.tool.nl_zh" unpack="false" version="4.22.0.v20211218020001" download-size="1550" install-size="1550" />
	<plugin fragment="true" id="org.eclipse.jdt.core.formatterapp.nl_zh" unpack="false" version="4.22.0.v20211218020001" download-size="1473" install-size="1473" />
	<plugin fragment="true" id="org.eclipse.jdt.core.manipulation.nl_zh" unpack="false" version="4.22.0.v20211218020001" download-size="51006" install-size="51006" />
	<plugin fragment="true" id="org.eclipse.jdt.core.nl_zh" unpack="false" version="4.22.0.v20211218020001" download-size="27758" install-size="27758" />
	<plugin fragment="true" id="org.eclipse.jdt.core.tests.builder.nl_zh" unpack="false" version="4.22.0.v20211218020001" download-size="1511" install-size="1511" />
	<plugin fragment="true" id="org.eclipse.jdt.core.tests.compiler.nl_zh" unpack="false" version="4.22.0.v20211218020001" download-size="1511" install-size="1511" />
	<plugin fragment="true" id="org.eclipse.jdt.core.tests.model.nl_zh" unpack="false" version="4.22.0.v20211218020001" download-size="11470" install-size="11470" />
	<plugin fragment="true" id="org.eclipse.jdt.core.tests.performance.nl_zh" unpack="false" version="4.22.0.v20211218020001" download-size="1522" install-size="1522" />
	<plugin fragment="true" id="org.eclipse.jdt.debug.nl_zh" unpack="false" version="4.22.0.v20211218020001" download-size="23420" install-size="23420" />
	<plugin fragment="true" id="org.eclipse.jdt.debug.ui.nl_zh" unpack="false" version="4.22.0.v20211218020001" download-size="33825" install-size="33825" />
	<plugin fragment="true" id="org.eclipse.jdt.doc.isv.nl_zh" unpack="false" version="4.22.0.v20211218020001" download-size="1516" install-size="1516" />
	<plugin fragment="true" id="org.eclipse.jdt.doc.user.nl_zh" unpack="false" version="4.22.0.v20211218020001" download-size="1514" install-size="1514" />
	<plugin fragment="true" id="org.eclipse.jdt.jeview.nl_zh" unpack="false" version="4.22.0.v20211218020001" download-size="1506" install-size="1506" />
	<plugin fragment="true" id="org.eclipse.jdt.junit.core.nl_zh" unpack="false" version="4.22.0.v20211218020001" download-size="4581" install-size="4581" />
	<plugin fragment="true" id="org.eclipse.jdt.junit.nl_zh" unpack="false" version="4.22.0.v20211218020001" download-size="10915" install-size="10915" />
	<plugin fragment="true" id="org.eclipse.jdt.junit.runtime.nl_zh" unpack="false" version="4.22.0.v20211218020001" download-size="3091" install-size="3091" />
	<plugin fragment="true" id="org.eclipse.jdt.junit4.runtime.nl_zh" unpack="false" version="4.22.0.v20211218020001" download-size="1530" install-size="1530" />
	<plugin fragment="true" id="org.eclipse.jdt.junit5.runtime.nl_zh" unpack="false" version="4.22.0.v20211218020001" download-size="1534" install-size="1534" />
	<plugin fragment="true" id="org.eclipse.jdt.launching.macosx.nl_zh" unpack="false" version="4.22.0.v20211218020001" download-size="2740" install-size="2740" />
	<plugin fragment="true" id="org.eclipse.jdt.launching.nl_zh" unpack="false" version="4.22.0.v20211218020001" download-size="7981" install-size="7981" />
	<plugin fragment="true" id="org.eclipse.jdt.launching.ui.macosx.nl_zh" unpack="false" version="4.22.0.v20211218020001" download-size="3416" install-size="3416" />
	<plugin fragment="true" id="org.eclipse.jdt.nl_zh" unpack="false" version="4.22.0.v20211218020001" download-size="1678" install-size="1678" />
	<plugin fragment="true" id="org.eclipse.jdt.tips.user.nl_zh" unpack="false" version="4.22.0.v20211218020001" download-size="2347" install-size="2347" />
	<plugin fragment="true" id="org.eclipse.jdt.ui.examples.javafamily.nl_zh" unpack="false" version="4.22.0.v20211218020001" download-size="3037" install-size="3037" />
	<plugin fragment="true" id="org.eclipse.jdt.ui.examples.projects.nl_zh" unpack="false" version="4.22.0.v20211218020001" download-size="2933" install-size="2933" />
	<plugin fragment="true" id="org.eclipse.jdt.ui.nl_zh" unpack="false" version="4.22.0.v20211218020001" download-size="138640" install-size="138640" />
	<plugin fragment="true" id="org.eclipse.jdt.ui.tests.refactoring.nl_zh" unpack="false" version="4.22.0.v20211218020001" download-size="1517" install-size="1517" />
	<plugin fragment="true" id="org.eclipse.jdt.ui.unittest.junit.nl_zh" unpack="false" version="4.22.0.v20211218020001" download-size="5030" install-size="5030" />
	<plugin fragment="true" id="org.eclipse.jface.databinding.nl_zh" unpack="false" version="4.22.0.v20211218020001" download-size="1531" install-size="1531" />
	<plugin fragment="true" id="org.eclipse.jface.examples.databinding.nl_zh" unpack="false" version="4.22.0.v20211218020001" download-size="1522" install-size="1522" />
	<plugin fragment="true" id="org.eclipse.jface.nl_zh" unpack="false" version="4.22.0.v20211218020001" download-size="6576" install-size="6576" />
	<plugin fragment="true" id="org.eclipse.jface.notifications.nl_zh" unpack="false" version="4.22.0.v20211218020001" download-size="2451" install-size="2451" />
	<plugin fragment="true" id="org.eclipse.jface.tests.databinding.conformance.nl_zh" unpack="false" version="4.22.0.v20211218020001" download-size="1551" install-size="1551" />
	<plugin fragment="true" id="org.eclipse.jface.tests.databinding.nl_zh" unpack="false" version="4.22.0.v20211218020001" download-size="1520" install-size="1520" />
	<plugin fragment="true" id="org.eclipse.jface.text.nl_zh" unpack="false" version="4.22.0.v20211218020001" download-size="12251" install-size="12251" />
	<plugin fragment="true" id="org.eclipse.jsch.core.nl_zh" unpack="false" version="4.22.0.v20211218020001" download-size="2635" install-size="2635" />
	<plugin fragment="true" id="org.eclipse.jsch.ui.nl_zh" unpack="false" version="4.22.0.v20211218020001" download-size="4212" install-size="4212" />
	<plugin fragment="true" id="org.eclipse.ltk.core.refactoring.nl_zh" unpack="false" version="4.22.0.v20211218020001" download-size="5781" install-size="5781" />
	<plugin fragment="true" id="org.eclipse.ltk.ui.refactoring.nl_zh" unpack="false" version="4.22.0.v20211218020001" download-size="8606" install-size="8606" />
	<plugin fragment="true" id="org.eclipse.newMultiEditor.nl_zh" unpack="false" version="4.22.0.v20211218020001" download-size="1521" install-size="1521" />
	<plugin fragment="true" id="org.eclipse.osgi.compatibility.state.nl_zh" unpack="false" version="4.22.0.v20211218020001" download-size="3220" install-size="3220" />
	<plugin fragment="true" id="org.eclipse.osgi.nl_zh" unpack="false" version="4.22.0.v20211218020001" download-size="5655" install-size="5655" />
	<plugin fragment="true" id="org.eclipse.osgi.services.nl_zh" unpack="false" version="4.22.0.v20211218020001" download-size="1547" install-size="1547" />
	<plugin fragment="true" id="org.eclipse.osgi.util.nl_zh" unpack="false" version="4.22.0.v20211218020001" download-size="1544" install-size="1544" />
	<plugin fragment="true" id="org.eclipse.pde.api.tools.annotations.nl_zh" unpack="false" version="4.22.0.v20211218020001" download-size="1703" install-size="1703" />
	<plugin fragment="true" id="org.eclipse.pde.api.tools.ee.cdcfoundation10.nl_zh" unpack="false" version="4.22.0.v20211218020001" download-size="1574" install-size="1574" />
	<plugin fragment="true" id="org.eclipse.pde.api.tools.ee.cdcfoundation11.nl_zh" unpack="false" version="4.22.0.v20211218020001" download-size="1574" install-size="1574" />
	<plugin fragment="true" id="org.eclipse.pde.api.tools.ee.osgiminimum10.nl_zh" unpack="false" version="4.22.0.v20211218020001" download-size="1506" install-size="1506" />
	<plugin fragment="true" id="org.eclipse.pde.api.tools.ee.osgiminimum11.nl_zh" unpack="false" version="4.22.0.v20211218020001" download-size="1506" install-size="1506" />
	<plugin fragment="true" id="org.eclipse.pde.api.tools.ee.osgiminimum12.nl_zh" unpack="false" version="4.22.0.v20211218020001" download-size="1506" install-size="1506" />
	<plugin fragment="true" id="org.eclipse.pde.api.tools.nl_zh" unpack="false" version="4.22.0.v20211218020001" download-size="15718" install-size="15718" />
	<plugin fragment="true" id="org.eclipse.pde.api.tools.ui.nl_zh" unpack="false" version="4.22.0.v20211218020001" download-size="13552" install-size="13552" />
	<plugin fragment="true" id="org.eclipse.pde.build.nl_zh" unpack="false" version="4.22.0.v20211218020001" download-size="6289" install-size="6289" />
	<plugin fragment="true" id="org.eclipse.pde.core.nl_zh" unpack="false" version="4.22.0.v20211218020001" download-size="10568" install-size="10568" />
	<plugin fragment="true" id="org.eclipse.pde.doc.user.nl_zh" unpack="false" version="4.22.0.v20211218020001" download-size="1502" install-size="1502" />
	<plugin fragment="true" id="org.eclipse.pde.ds.annotations.nl_zh" unpack="false" version="4.22.0.v20211218020001" download-size="2886" install-size="2886" />
	<plugin fragment="true" id="org.eclipse.pde.ds.core.nl_zh" unpack="false" version="4.22.0.v20211218020001" download-size="2894" install-size="2894" />
	<plugin fragment="true" id="org.eclipse.pde.ds.lib.nl_zh" unpack="false" version="4.22.0.v20211218020001" download-size="1692" install-size="1692" />
	<plugin fragment="true" id="org.eclipse.pde.ds.ui.nl_zh" unpack="false" version="4.22.0.v20211218020001" download-size="3242" install-size="3242" />
	<plugin fragment="true" id="org.eclipse.pde.ds1_2.lib.nl_zh" unpack="false" version="4.22.0.v20211218020001" download-size="1693" install-size="1693" />
	<plugin fragment="true" id="org.eclipse.pde.genericeditor.extension.nl_zh" unpack="false" version="4.22.0.v20211218020001" download-size="1573" install-size="1573" />
	<plugin fragment="true" id="org.eclipse.pde.junit.runtime.nl_zh" unpack="false" version="4.22.0.v20211218020001" download-size="1510" install-size="1510" />
	<plugin fragment="true" id="org.eclipse.pde.launching.nl_zh" unpack="false" version="4.22.0.v20211218020001" download-size="3266" install-size="3266" />
	<plugin fragment="true" id="org.eclipse.pde.nl_zh" unpack="false" version="4.22.0.v20211218020001" download-size="2352" install-size="2352" />
	<plugin fragment="true" id="org.eclipse.pde.runtime.nl_zh" unpack="false" version="4.22.0.v20211218020001" download-size="3817" install-size="3817" />
	<plugin fragment="true" id="org.eclipse.pde.spy.core.nl_zh" unpack="false" version="4.22.0.v20211218020001" download-size="1466" install-size="1466" />
	<plugin fragment="true" id="org.eclipse.pde.spy.css.nl_zh" unpack="false" version="4.22.0.v20211218020001" download-size="2427" install-size="2427" />
	<plugin fragment="true" id="org.eclipse.pde.spy.model.nl_zh" unpack="false" version="4.22.0.v20211218020001" download-size="1904" install-size="1904" />
	<plugin fragment="true" id="org.eclipse.pde.spy.preferences.nl_zh" unpack="false" version="4.22.0.v20211218020001" download-size="2561" install-size="2561" />
	<plugin fragment="true" id="org.eclipse.pde.ua.core.nl_zh" unpack="false" version="4.22.0.v20211218020001" download-size="1570" install-size="1570" />
	<plugin fragment="true" id="org.eclipse.pde.ua.ui.nl_zh" unpack="false" version="4.22.0.v20211218020001" download-size="16209" install-size="16209" />
	<plugin fragment="true" id="org.eclipse.pde.ui.nl_zh" unpack="false" version="4.22.0.v20211218020001" download-size="40597" install-size="40597" />
	<plugin fragment="true" id="org.eclipse.pde.ui.templates.nl_zh" unpack="false" version="4.22.0.v20211218020001" download-size="9242" install-size="9242" />
	<plugin fragment="true" id="org.eclipse.pde.unittest.junit.nl_zh" unpack="false" version="4.22.0.v20211218020001" download-size="2954" install-size="2954" />
	<plugin fragment="true" id="org.eclipse.platform.doc.isv.nl_zh" unpack="false" version="4.22.0.v20211218020001" download-size="1525" install-size="1525" />
	<plugin fragment="true" id="org.eclipse.platform.doc.user.nl_zh" unpack="false" version="4.22.0.v20211218020001" download-size="1496" install-size="1496" />
	<plugin fragment="true" id="org.eclipse.platform.nl_zh" unpack="false" version="4.22.0.v20211218020001" download-size="4566" install-size="4566" />
	<plugin fragment="true" id="org.eclipse.sdk.nl_zh" unpack="false" version="4.22.0.v20211218020001" download-size="2924" install-size="2924" />
	<plugin fragment="true" id="org.eclipse.search.nl_zh" unpack="false" version="4.22.0.v20211218020001" download-size="9141" install-size="9141" />
	<plugin fragment="true" id="org.eclipse.swt.examples.browser.demos.nl_zh" unpack="false" version="4.22.0.v20211218020001" download-size="2242" install-size="2242" />
	<plugin fragment="true" id="org.eclipse.swt.examples.launcher.nl_zh" unpack="false" version="4.22.0.v20211218020001" download-size="2318" install-size="2318" />
	<plugin fragment="true" id="org.eclipse.swt.examples.nl_zh" unpack="false" version="4.22.0.v20211218020001" download-size="19951" install-size="19951" />
	<plugin fragment="true" id="org.eclipse.swt.examples.ole.win32.nl_zh" unpack="false" version="4.22.0.v20211218020001" download-size="2505" install-size="2505" />
	<plugin fragment="true" id="org.eclipse.swt.examples.views.nl_zh" unpack="false" version="4.22.0.v20211218020001" download-size="2585" install-size="2585" />
	<plugin fragment="true" id="org.eclipse.swt.fragments.localbuild.nl_zh" unpack="false" version="4.22.0.v20211218020001" download-size="1470" install-size="1470" />
	<plugin fragment="true" id="org.eclipse.swt.internal.accessibility.gtk.properties.nl_zh" unpack="false" version="4.22.0.v20211218020001" download-size="2186" install-size="2186" />
	<plugin fragment="true" id="org.eclipse.swt.nl_zh" unpack="false" version="4.22.0.v20211218020001" download-size="3441" install-size="3441" />
	<plugin fragment="true" id="org.eclipse.swt.opengl.examples.nl_zh" unpack="false" version="4.22.0.v20211218020001" download-size="1958" install-size="1958" />
	<plugin fragment="true" id="org.eclipse.swt.snippets.nl_zh" unpack="false" version="4.22.0.v20211218020001" download-size="1502" install-size="1502" />
	<plugin fragment="true" id="org.eclipse.swt.tools.base.nl_zh" unpack="false" version="4.22.0.v20211218020001" download-size="1512" install-size="1512" />
	<plugin fragment="true" id="org.eclipse.swt.tools.nl_zh" unpack="false" version="4.22.0.v20211218020001" download-size="1569" install-size="1569" />
	<plugin fragment="true" id="org.eclipse.swt.tools.spies.nl_zh" unpack="false" version="4.22.0.v20211218020001" download-size="1536" install-size="1536" />
	<plugin fragment="true" id="org.eclipse.team.core.nl_zh" unpack="false" version="4.22.0.v20211218020001" download-size="4994" install-size="4994" />
	<plugin fragment="true" id="org.eclipse.team.cvs.core.nl_zh" unpack="false" version="4.22.0.v20211218020001" download-size="8737" install-size="8737" />
	<plugin fragment="true" id="org.eclipse.team.cvs.ssh2.nl_zh" unpack="false" version="4.22.0.v20211218020001" download-size="3811" install-size="3811" />
	<plugin fragment="true" id="org.eclipse.team.cvs.ui.nl_zh" unpack="false" version="4.22.0.v20211218020001" download-size="27607" install-size="27607" />
	<plugin fragment="true" id="org.eclipse.team.examples.filesystem.nl_zh" unpack="false" version="4.22.0.v20211218020001" download-size="3447" install-size="3447" />
	<plugin fragment="true" id="org.eclipse.team.genericeditor.diff.extension.nl_zh" unpack="false" version="4.22.0.v20211218020001" download-size="1565" install-size="1565" />
	<plugin fragment="true" id="org.eclipse.team.tests.core.nl_zh" unpack="false" version="4.22.0.v20211218020001" download-size="1468" install-size="1468" />
	<plugin fragment="true" id="org.eclipse.team.tests.cvs.core.nl_zh" unpack="false" version="4.22.0.v20211218020001" download-size="1744" install-size="1744" />
	<plugin fragment="true" id="org.eclipse.team.ui.nl_zh" unpack="false" version="4.22.0.v20211218020001" download-size="14563" install-size="14563" />
	<plugin fragment="true" id="org.eclipse.tests.urischeme.nl_zh" unpack="false" version="4.22.0.v20211218020001" download-size="1471" install-size="1471" />
	<plugin fragment="true" id="org.eclipse.text.nl_zh" unpack="false" version="4.22.0.v20211218020001" download-size="4983" install-size="4983" />
	<plugin fragment="true" id="org.eclipse.text.quicksearch.nl_zh" unpack="false" version="4.22.0.v20211218020001" download-size="2749" install-size="2749" />
	<plugin fragment="true" id="org.eclipse.tips.core.nl_zh" unpack="false" version="4.22.0.v20211218020001" download-size="2570" install-size="2570" />
	<plugin fragment="true" id="org.eclipse.tips.ide.nl_zh" unpack="false" version="4.22.0.v20211218020001" download-size="2868" install-size="2868" />
	<plugin fragment="true" id="org.eclipse.tips.json.nl_zh" unpack="false" version="4.22.0.v20211218020001" download-size="2548" install-size="2548" />
	<plugin fragment="true" id="org.eclipse.tips.ui.nl_zh" unpack="false" version="4.22.0.v20211218020001" download-size="2599" install-size="2599" />
	<plugin fragment="true" id="org.eclipse.tools.layout.spy.nl_zh" unpack="false" version="4.22.0.v20211218020001" download-size="2808" install-size="2808" />
	<plugin fragment="true" id="org.eclipse.ua.tests.doc.nl_zh" unpack="false" version="4.22.0.v20211218020001" download-size="1692" install-size="1692" />
	<plugin fragment="true" id="org.eclipse.ui.browser.nl_zh" unpack="false" version="4.22.0.v20211218020001" download-size="3869" install-size="3869" />
	<plugin fragment="true" id="org.eclipse.ui.cheatsheets.nl_zh" unpack="false" version="4.22.0.v20211218020001" download-size="6082" install-size="6082" />
	<plugin fragment="true" id="org.eclipse.ui.cocoa.nl_zh" unpack="false" version="4.22.0.v20211218020001" download-size="1540" install-size="1540" />
	<plugin fragment="true" id="org.eclipse.ui.console.nl_zh" unpack="false" version="4.22.0.v20211218020001" download-size="3805" install-size="3805" />
	<plugin fragment="true" id="org.eclipse.ui.editors.nl_zh" unpack="false" version="4.22.0.v20211218020001" download-size="15193" install-size="15193" />
	<plugin fragment="true" id="org.eclipse.ui.examples.contributions.nl_zh" unpack="false" version="4.22.0.v20211218020001" download-size="3605" install-size="3605" />
	<plugin fragment="true" id="org.eclipse.ui.examples.fieldassist.nl_zh" unpack="false" version="4.22.0.v20211218020001" download-size="3935" install-size="3935" />
	<plugin fragment="true" id="org.eclipse.ui.examples.javaeditor.nl_zh" unpack="false" version="4.22.0.v20211218020001" download-size="4365" install-size="4365" />
	<plugin fragment="true" id="org.eclipse.ui.examples.job.nl_zh" unpack="false" version="4.22.0.v20211218020001" download-size="1469" install-size="1469" />
	<plugin fragment="true" id="org.eclipse.ui.examples.multipageeditor.nl_zh" unpack="false" version="4.22.0.v20211218020001" download-size="2582" install-size="2582" />
	<plugin fragment="true" id="org.eclipse.ui.examples.navigator.nl_zh" unpack="false" version="4.22.0.v20211218020001" download-size="1541" install-size="1541" />
	<plugin fragment="true" id="org.eclipse.ui.examples.propertysheet.nl_zh" unpack="false" version="4.22.0.v20211218020001" download-size="3705" install-size="3705" />
	<plugin fragment="true" id="org.eclipse.ui.examples.readmetool.nl_zh" unpack="false" version="4.22.0.v20211218020001" download-size="4725" install-size="4725" />
	<plugin fragment="true" id="org.eclipse.ui.examples.undo.nl_zh" unpack="false" version="4.22.0.v20211218020001" download-size="2965" install-size="2965" />
	<plugin fragment="true" id="org.eclipse.ui.examples.uriSchemeHandler.nl_zh" unpack="false" version="4.22.0.v20211218020001" download-size="1483" install-size="1483" />
	<plugin fragment="true" id="org.eclipse.ui.examples.views.properties.tabbed.article.nl_zh" unpack="false" version="4.22.0.v20211218020001" download-size="1627" install-size="1627" />
	<plugin fragment="true" id="org.eclipse.ui.externaltools.nl_zh" unpack="false" version="4.22.0.v20211218020001" download-size="8823" install-size="8823" />
	<plugin fragment="true" id="org.eclipse.ui.forms.examples.nl_zh" unpack="false" version="4.22.0.v20211218020001" download-size="1556" install-size="1556" />
	<plugin fragment="true" id="org.eclipse.ui.forms.nl_zh" unpack="false" version="4.22.0.v20211218020001" download-size="2515" install-size="2515" />
	<plugin fragment="true" id="org.eclipse.ui.genericeditor.nl_zh" unpack="false" version="4.22.0.v20211218020001" download-size="2562" install-size="2562" />
	<plugin fragment="true" id="org.eclipse.ui.ide.application.nl_zh" unpack="false" version="4.22.0.v20211218020001" download-size="1909" install-size="1909" />
	<plugin fragment="true" id="org.eclipse.ui.ide.nl_zh" unpack="false" version="4.22.0.v20211218020001" download-size="39713" install-size="39713" />
	<plugin fragment="true" id="org.eclipse.ui.intro.nl_zh" unpack="false" version="4.22.0.v20211218020001" download-size="4117" install-size="4117" />
	<plugin fragment="true" id="org.eclipse.ui.intro.quicklinks.examples.nl_zh" unpack="false" version="4.22.0.v20211218020001" download-size="1734" install-size="1734" />
	<plugin fragment="true" id="org.eclipse.ui.intro.quicklinks.nl_zh" unpack="false" version="4.22.0.v20211218020001" download-size="1470" install-size="1470" />
	<plugin fragment="true" id="org.eclipse.ui.intro.universal.nl_zh" unpack="false" version="4.22.0.v20211218020001" download-size="16930" install-size="16930" />
	<plugin fragment="true" id="org.eclipse.ui.monitoring.nl_zh" unpack="false" version="4.22.0.v20211218020001" download-size="3728" install-size="3728" />
	<plugin fragment="true" id="org.eclipse.ui.navigator.nl_zh" unpack="false" version="4.22.0.v20211218020001" download-size="4432" install-size="4432" />
	<plugin fragment="true" id="org.eclipse.ui.navigator.resources.nl_zh" unpack="false" version="4.22.0.v20211218020001" download-size="4253" install-size="4253" />
	<plugin fragment="true" id="org.eclipse.ui.net.nl_zh" unpack="false" version="4.22.0.v20211218020001" download-size="2950" install-size="2950" />
	<plugin fragment="true" id="org.eclipse.ui.nl_zh" unpack="false" version="4.22.0.v20211218020001" download-size="6586" install-size="6586" />
	<plugin fragment="true" id="org.eclipse.ui.tests.navigator.nl_zh" unpack="false" version="4.22.0.v20211218020001" download-size="1609" install-size="1609" />
	<plugin fragment="true" id="org.eclipse.ui.tests.performance.nl_zh" unpack="false" version="4.22.0.v20211218020001" download-size="1470" install-size="1470" />
	<plugin fragment="true" id="org.eclipse.ui.tests.rcp.nl_zh" unpack="false" version="4.22.0.v20211218020001" download-size="1464" install-size="1464" />
	<plugin fragment="true" id="org.eclipse.ui.tests.views.properties.tabbed.nl_zh" unpack="false" version="4.22.0.v20211218020001" download-size="1647" install-size="1647" />
	<plugin fragment="true" id="org.eclipse.ui.themes.nl_zh" unpack="false" version="4.22.0.v20211218020001" download-size="1614" install-size="1614" />
	<plugin fragment="true" id="org.eclipse.ui.trace.nl_zh" unpack="false" version="4.22.0.v20211218020001" download-size="3059" install-size="3059" />
	<plugin fragment="true" id="org.eclipse.ui.views.log.nl_zh" unpack="false" version="4.22.0.v20211218020001" download-size="4093" install-size="4093" />
	<plugin fragment="true" id="org.eclipse.ui.views.nl_zh" unpack="false" version="4.22.0.v20211218020001" download-size="3460" install-size="3460" />
	<plugin fragment="true" id="org.eclipse.ui.views.properties.tabbed.nl_zh" unpack="false" version="4.22.0.v20211218020001" download-size="3298" install-size="3298" />
	<plugin fragment="true" id="org.eclipse.ui.win32.nl_zh" unpack="false" version="4.22.0.v20211218020001" download-size="2838" install-size="2838" />
	<plugin fragment="true" id="org.eclipse.ui.workbench.nl_zh" unpack="false" version="4.22.0.v20211218020001" download-size="29725" install-size="29725" />
	<plugin fragment="true" id="org.eclipse.ui.workbench.texteditor.nl_zh" unpack="false" version="4.22.0.v20211218020001" download-size="15537" install-size="15537" />
	<plugin fragment="true" id="org.eclipse.unittest.ui.nl_zh" unpack="false" version="4.22.0.v20211218020001" download-size="5066" install-size="5066" />
	<plugin fragment="true" id="org.eclipse.update.configurator.nl_zh" unpack="false" version="4.22.0.v20211218020001" download-size="3531" install-size="3531" />
	<plugin fragment="true" id="org.eclipse.urischeme.nl_zh" unpack="false" version="4.22.0.v20211218020001" download-size="1505" install-size="1505" />
</feature>